epoch,time,train/box_loss,train/cls_loss,train/dfl_loss,metrics/precision(B),metrics/recall(B),metrics/mAP50(B),metrics/mAP50-95(B),val/box_loss,val/cls_loss,val/dfl_loss,lr/pg0,lr/pg1,lr/pg2
1,34.4994,1.10974,4.6156,1.59508,0,0,0,0,1.00122,4.23644,1.78183,5.66176e-05,5.66176e-05,5.66176e-05
2,72.9011,0.90081,4.33021,1.44873,0.02246,0.085,0.02384,0.01603,0.99798,4.07912,1.72167,0.000113528,0.000113528,0.000113528
3,109.848,0.93177,3.95252,1.46083,0.37839,0.12506,0.09444,0.05896,1.2299,3.25034,1.93727,0.000168996,0.000168996,0.000168996
4,147.141,0.95722,3.54392,1.48921,0.32378,0.19459,0.14748,0.08834,1.2216,3.07935,1.89792,0.000168503,0.000168503,0.000168503
5,184.766,0.97763,3.22316,1.49227,0.24225,0.27559,0.19319,0.09065,1.37049,2.93123,2.21918,0.000166337,0.000166337,0.000166337
6,222.337,0.97582,2.92268,1.48439,0.28589,0.33125,0.22513,0.13382,1.26032,2.70522,1.94219,0.000164172,0.000164172,0.000164172
7,259.33,0.95825,2.76127,1.46485,0.3915,0.28043,0.28052,0.17236,1.16711,2.51908,1.84381,0.000162006,0.000162006,0.000162006
8,297.549,0.94204,2.56585,1.45351,0.34044,0.35189,0.27043,0.17025,1.20527,2.73515,1.91418,0.000159841,0.000159841,0.000159841
9,333.469,0.93092,2.38304,1.44323,0.3825,0.30484,0.2991,0.17314,1.32796,2.65862,2.10235,0.000157675,0.000157675,0.000157675
10,372.84,0.91889,2.25681,1.42856,0.35576,0.37733,0.36912,0.23309,1.22868,2.4789,1.96626,0.000155509,0.000155509,0.000155509
11,410.549,0.88432,2.12073,1.39547,0.38389,0.3989,0.38236,0.23844,1.1894,2.22418,1.84226,0.000153344,0.000153344,0.000153344
12,447.384,0.88862,1.99607,1.3976,0.42559,0.34817,0.36971,0.22638,1.20711,2.26857,1.88937,0.000151178,0.000151178,0.000151178
13,484.158,0.86923,1.9411,1.3855,0.3435,0.44412,0.37942,0.22921,1.18237,2.37062,1.85995,0.000149012,0.000149012,0.000149012
14,520.508,0.86495,1.8491,1.37885,0.39516,0.44164,0.39675,0.24169,1.19006,2.2233,1.85751,0.000146847,0.000146847,0.000146847
15,557.857,0.86657,1.81281,1.38299,0.41726,0.47224,0.45151,0.27516,1.21559,2.13694,1.90032,0.000144681,0.000144681,0.000144681
16,595.638,0.83966,1.72071,1.35254,0.44098,0.43407,0.43887,0.26706,1.18357,2.05143,1.83268,0.000142516,0.000142516,0.000142516
17,632.809,0.84076,1.67774,1.35227,0.4393,0.38416,0.42906,0.25669,1.28877,2.13032,1.97844,0.00014035,0.00014035,0.00014035
18,669.765,0.81894,1.58097,1.32953,0.40025,0.50561,0.45274,0.29372,1.16922,2.13854,1.85477,0.000138184,0.000138184,0.000138184
19,706.633,0.81274,1.57006,1.32399,0.43164,0.48559,0.48378,0.29909,1.23789,2.06374,1.92951,0.000136019,0.000136019,0.000136019
20,743.846,0.79817,1.51984,1.32223,0.4139,0.50944,0.46434,0.29133,1.16031,2.0706,1.81543,0.000133853,0.000133853,0.000133853
21,780.693,0.79815,1.48427,1.32292,0.44725,0.49028,0.4779,0.28396,1.24621,2.07663,2.01065,0.000131687,0.000131687,0.000131687
22,817.118,0.79017,1.43833,1.31113,0.50437,0.49368,0.50669,0.30655,1.19154,1.95724,1.87012,0.000129522,0.000129522,0.000129522
23,854.725,0.78066,1.3985,1.30194,0.52869,0.35601,0.44779,0.27345,1.1976,2.12297,1.87981,0.000127356,0.000127356,0.000127356
24,891.752,0.7866,1.35189,1.29484,0.52846,0.50331,0.51382,0.32198,1.21024,1.94227,1.92502,0.000125191,0.000125191,0.000125191
25,929.422,0.75307,1.32545,1.27359,0.52317,0.44098,0.48501,0.30423,1.17613,2.02322,1.83096,0.000123025,0.000123025,0.000123025
26,966.745,0.75316,1.29999,1.28007,0.42239,0.48122,0.47356,0.30584,1.23226,2.0493,1.9892,0.000120859,0.000120859,0.000120859
27,1002.35,0.74121,1.26502,1.27297,0.51017,0.46254,0.47054,0.29668,1.19842,2.01107,1.9291,0.000118694,0.000118694,0.000118694
28,1038.39,0.74638,1.23155,1.2611,0.4894,0.49053,0.49079,0.31387,1.14931,2.03828,1.85222,0.000116528,0.000116528,0.000116528
29,1073.96,0.73085,1.21166,1.25564,0.40913,0.48211,0.46661,0.29871,1.18968,1.9757,1.83484,0.000114362,0.000114362,0.000114362
30,1110.5,0.73163,1.19842,1.25415,0.46992,0.51456,0.51708,0.32701,1.15341,1.94429,1.86923,0.000112197,0.000112197,0.000112197
31,1148.97,0.73118,1.17317,1.26013,0.48545,0.43246,0.43159,0.26822,1.23723,2.15053,1.89487,0.000110031,0.000110031,0.000110031
32,1184.08,0.7274,1.16916,1.24914,0.54144,0.43326,0.49233,0.31298,1.14231,1.9769,1.8381,0.000107866,0.000107866,0.000107866
33,1221.75,0.73098,1.15888,1.26254,0.49923,0.47939,0.50108,0.30928,1.18763,1.99154,1.91337,0.0001057,0.0001057,0.0001057
34,1256.61,0.70787,1.1076,1.23731,0.49562,0.48799,0.50576,0.32838,1.13492,1.91291,1.8242,0.000103534,0.000103534,0.000103534
35,1293.88,0.70156,1.08137,1.23587,0.50421,0.53708,0.49584,0.31595,1.13365,1.98139,1.83385,0.000101369,0.000101369,0.000101369
36,1330.15,0.70355,1.05514,1.22105,0.54079,0.5276,0.53488,0.34567,1.16284,1.87561,1.87263,9.92031e-05,9.92031e-05,9.92031e-05
37,1366.57,0.69028,1.07366,1.22276,0.48593,0.4592,0.50656,0.3176,1.19101,1.9723,1.90196,9.70375e-05,9.70375e-05,9.70375e-05
38,1402.42,0.69573,1.05023,1.22969,0.52036,0.52128,0.52972,0.33439,1.18338,1.94767,1.91664,9.48719e-05,9.48719e-05,9.48719e-05
39,1439.07,0.68099,1.018,1.2144,0.58958,0.47576,0.54039,0.34037,1.19372,1.93299,1.9271,9.27063e-05,9.27063e-05,9.27063e-05
40,1477.06,0.67486,1.00739,1.20745,0.65936,0.45053,0.53219,0.34148,1.16015,1.93994,1.89212,9.05406e-05,9.05406e-05,9.05406e-05
41,1513.12,0.66224,0.99524,1.19851,0.50923,0.48891,0.52542,0.33818,1.14814,1.91482,1.87499,8.8375e-05,8.8375e-05,8.8375e-05
42,1549.86,0.67647,0.98292,1.20897,0.5243,0.46179,0.49967,0.33038,1.1449,1.85951,1.823,8.62094e-05,8.62094e-05,8.62094e-05
43,1585.73,0.66307,0.96685,1.20083,0.47511,0.50284,0.51158,0.327,1.15181,1.93898,1.8542,8.40438e-05,8.40438e-05,8.40438e-05
44,1621.83,0.66028,0.9587,1.20458,0.57602,0.48152,0.53967,0.34467,1.14639,1.88453,1.86059,8.18781e-05,8.18781e-05,8.18781e-05
45,1659.26,0.6674,0.95128,1.20069,0.46799,0.54109,0.54143,0.34894,1.14844,1.79615,1.85786,7.97125e-05,7.97125e-05,7.97125e-05
46,1695.07,0.65432,0.92844,1.1914,0.62887,0.45003,0.52686,0.33778,1.16164,1.90952,1.88028,7.75469e-05,7.75469e-05,7.75469e-05
47,1732.45,0.64708,0.93414,1.18961,0.52927,0.48788,0.51882,0.33607,1.17211,1.89033,1.91367,7.53813e-05,7.53813e-05,7.53813e-05
48,1767.34,0.64605,0.92072,1.18757,0.59199,0.4988,0.55134,0.36229,1.14905,1.87695,1.8591,7.32156e-05,7.32156e-05,7.32156e-05
49,1805.12,0.64252,0.9241,1.18813,0.50458,0.51499,0.54564,0.35511,1.15026,1.91124,1.87622,7.105e-05,7.105e-05,7.105e-05
50,1842.01,0.63283,0.90532,1.1835,0.53679,0.43466,0.51111,0.3242,1.16358,1.99467,1.88537,6.88844e-05,6.88844e-05,6.88844e-05
51,1879.38,0.62903,0.87465,1.16966,0.56698,0.48724,0.52787,0.34359,1.14826,1.88078,1.86672,6.67187e-05,6.67187e-05,6.67187e-05
52,1914.85,0.62924,0.89338,1.17173,0.50658,0.47124,0.50158,0.31743,1.18139,2.01064,1.90168,6.45531e-05,6.45531e-05,6.45531e-05
53,1952.43,0.62667,0.87677,1.16723,0.53551,0.50559,0.50608,0.3361,1.12763,1.96162,1.84055,6.23875e-05,6.23875e-05,6.23875e-05
54,1990.6,0.62142,0.85438,1.16762,0.48352,0.52143,0.52723,0.34367,1.16587,1.90796,1.90153,6.02219e-05,6.02219e-05,6.02219e-05
55,2026.99,0.63301,0.88328,1.17469,0.52193,0.54431,0.5634,0.37784,1.13643,1.87417,1.84989,5.80562e-05,5.80562e-05,5.80562e-05
56,2064.65,0.61798,0.84632,1.17103,0.56291,0.4658,0.52646,0.3537,1.1322,1.91204,1.83462,5.58906e-05,5.58906e-05,5.58906e-05
57,2102.63,0.61485,0.85916,1.15926,0.55996,0.51348,0.54723,0.35972,1.12952,1.86249,1.89237,5.3725e-05,5.3725e-05,5.3725e-05
58,2138.3,0.61345,0.8524,1.16405,0.61923,0.469,0.54214,0.35683,1.11607,1.87062,1.82571,5.15594e-05,5.15594e-05,5.15594e-05
59,2174.15,0.60621,0.83762,1.15481,0.4498,0.53554,0.54287,0.34797,1.17786,1.85754,1.96523,4.93937e-05,4.93937e-05,4.93937e-05
60,2209.77,0.59428,0.81947,1.15197,0.4952,0.50134,0.53864,0.34311,1.19023,1.89249,1.97932,4.72281e-05,4.72281e-05,4.72281e-05
61,2247.76,0.60081,0.83456,1.15666,0.58154,0.4658,0.54033,0.35652,1.12048,1.85632,1.83988,4.50625e-05,4.50625e-05,4.50625e-05
62,2283.37,0.59948,0.8101,1.15237,0.5931,0.44383,0.54094,0.35882,1.14195,1.88515,1.86874,4.28969e-05,4.28969e-05,4.28969e-05
63,2319.27,0.58326,0.78982,1.14672,0.59051,0.45509,0.54491,0.35543,1.12691,1.85286,1.85814,4.07312e-05,4.07312e-05,4.07312e-05
64,2355.24,0.59056,0.80346,1.15334,0.57406,0.52008,0.57215,0.37609,1.14939,1.8123,1.89474,3.85656e-05,3.85656e-05,3.85656e-05
65,2391.66,0.57679,0.78611,1.13848,0.50351,0.55432,0.56172,0.36375,1.16836,1.81961,1.95604,3.64e-05,3.64e-05,3.64e-05
66,2428.51,0.5898,0.79133,1.14875,0.60213,0.4787,0.54785,0.36566,1.12765,1.8265,1.84749,3.42344e-05,3.42344e-05,3.42344e-05
67,2463.15,0.57725,0.7773,1.1396,0.58371,0.52727,0.56911,0.37659,1.14423,1.78778,1.87386,3.20688e-05,3.20688e-05,3.20688e-05
68,2499.34,0.57135,0.77709,1.13826,0.579,0.46671,0.53589,0.35397,1.14447,1.86102,1.92478,2.99031e-05,2.99031e-05,2.99031e-05
69,2535.51,0.56996,0.7723,1.13313,0.52922,0.48972,0.55033,0.36408,1.14045,1.86847,1.88651,2.77375e-05,2.77375e-05,2.77375e-05
70,2572.19,0.57577,0.76775,1.13999,0.49358,0.53978,0.5717,0.37387,1.13453,1.80319,1.88736,2.55719e-05,2.55719e-05,2.55719e-05
71,2613.95,0.52073,0.84705,1.16675,0.60284,0.48897,0.55662,0.36326,1.16082,1.92157,1.94889,2.34062e-05,2.34062e-05,2.34062e-05
72,2647.48,0.47386,0.74074,1.13131,0.62629,0.4726,0.57097,0.37399,1.14907,1.86746,1.93004,2.12406e-05,2.12406e-05,2.12406e-05
73,2682.72,0.47347,0.69359,1.12414,0.66829,0.45474,0.56528,0.37182,1.1377,1.88311,1.91542,1.9075e-05,1.9075e-05,1.9075e-05
74,2717.21,0.46751,0.69553,1.12932,0.50499,0.56346,0.56877,0.37548,1.12847,1.86899,1.90108,1.69094e-05,1.69094e-05,1.69094e-05
75,2751.68,0.45196,0.66989,1.11367,0.58829,0.51958,0.56534,0.36838,1.13769,1.85936,1.92399,1.47437e-05,1.47437e-05,1.47437e-05
76,2786.6,0.43806,0.66522,1.09919,0.55343,0.53687,0.56961,0.37903,1.12343,1.84235,1.90449,1.25781e-05,1.25781e-05,1.25781e-05
77,2822.21,0.45505,0.66655,1.10761,0.55685,0.52366,0.56556,0.37447,1.12088,1.87137,1.89782,1.04125e-05,1.04125e-05,1.04125e-05
78,2857.63,0.44517,0.66828,1.10178,0.56074,0.5229,0.55787,0.36711,1.13444,1.86374,1.93029,8.24687e-06,8.24687e-06,8.24687e-06
79,2891.52,0.44102,0.64312,1.09254,0.60398,0.48612,0.55959,0.36954,1.12849,1.87694,1.92099,6.08125e-06,6.08125e-06,6.08125e-06
80,2926.9,0.44023,0.63997,1.09345,0.53681,0.54385,0.56217,0.37245,1.12665,1.86799,1.90812,3.91562e-06,3.91562e-06,3.91562e-06
